file,typeformid,link
Time-Machine---1,IbuvWZ5j,https://fgpyuokx36s.typeform.com/to/IbuvWZ5j
Time-Machine---2,q7YOn5Pt,https://fgpyuokx36s.typeform.com/to/q7YOn5Pt
Time-Machine---3,R62nRYN0,https://fgpyuokx36s.typeform.com/to/R62nRYN0
Time-Machine---4,fSFqDsNh,https://fgpyuokx36s.typeform.com/to/fSFqDsNh
Time-Machine---5,w66xQf0D,https://fgpyuokx36s.typeform.com/to/w66xQf0D
Time-Machine---6,XLtCY41j,https://fgpyuokx36s.typeform.com/to/XLtCY41j
Time-Machine---7,SvFdoqv8,https://fgpyuokx36s.typeform.com/to/SvFdoqv8
Time-Machine---8,YmXfUX4e,https://fgpyuokx36s.typeform.com/to/YmXfUX4e
Time-Machine---9,tPORkOTv,https://fgpyuokx36s.typeform.com/to/tPORkOTv
Time-Machine---10,afJLSl6o,https://fgpyuokx36s.typeform.com/to/afJLSl6o
Time-Machine---11,Q5f1oRF0,https://fgpyuokx36s.typeform.com/to/Q5f1oRF0
Time-Machine---12,FOnyWot4,https://fgpyuokx36s.typeform.com/to/FOnyWot4
Time-Machine---13,vcpAU7rZ,https://fgpyuokx36s.typeform.com/to/vcpAU7rZ
Time-Machine---14,ZiU2uOWc,https://fgpyuokx36s.typeform.com/to/ZiU2uOWc
Time-Machine---15,krrfFKwg,https://fgpyuokx36s.typeform.com/to/krrfFKwg
Time-Machine---16,PEtDNgxS,https://fgpyuokx36s.typeform.com/to/PEtDNgxS
Time-Machine---17,Ko2MCj9q,https://fgpyuokx36s.typeform.com/to/Ko2MCj9q
Time-Machine---18,UuSH4uNq,https://fgpyuokx36s.typeform.com/to/UuSH4uNq
Time-Machine---19,ZrW1J3DU,https://fgpyuokx36s.typeform.com/to/ZrW1J3DU
Time-Machine---20,uuJkj6X0,https://fgpyuokx36s.typeform.com/to/uuJkj6X0
Time-Machine---21,M4RytckA,https://fgpyuokx36s.typeform.com/to/M4RytckA
Time-Machine---22,MaxFLZRa,https://fgpyuokx36s.typeform.com/to/MaxFLZRa
Time-Machine---23,sHrlxDG1,https://fgpyuokx36s.typeform.com/to/sHrlxDG1
Time-Machine---24,SFtjmMyP,https://fgpyuokx36s.typeform.com/to/SFtjmMyP
Time-Machine---25,DFrjvREb,https://fgpyuokx36s.typeform.com/to/DFrjvREb
Time-Machine---26,XZvLcqlZ,https://fgpyuokx36s.typeform.com/to/XZvLcqlZ
Time-Machine---27,cJ0FBgf7,https://fgpyuokx36s.typeform.com/to/cJ0FBgf7
Time-Machine---28,CmUI5MuI,https://fgpyuokx36s.typeform.com/to/CmUI5MuI
Time-Machine---29,YGHEL06y,https://fgpyuokx36s.typeform.com/to/YGHEL06y
Time-Machine---30,AHZlg03t,https://fgpyuokx36s.typeform.com/to/AHZlg03t
Time-Machine---31,luFKc9W2,https://fgpyuokx36s.typeform.com/to/luFKc9W2
Time-Machine---32,KTM8TIur,https://fgpyuokx36s.typeform.com/to/KTM8TIur
Time-Machine---33,W3MBKU8p,https://fgpyuokx36s.typeform.com/to/W3MBKU8p
Time-Machine---34,D2ic8p3o,https://fgpyuokx36s.typeform.com/to/D2ic8p3o
Time-Machine---35,lZ6wZaLE,https://fgpyuokx36s.typeform.com/to/lZ6wZaLE
Time-Machine---36,JM8p1dyP,https://fgpyuokx36s.typeform.com/to/JM8p1dyP
Time-Machine---37,YbNop7CB,https://fgpyuokx36s.typeform.com/to/YbNop7CB
Time-Machine---38,sRUuyV56,https://fgpyuokx36s.typeform.com/to/sRUuyV56
Time-Machine---39,muDSVfYB,https://fgpyuokx36s.typeform.com/to/muDSVfYB
Time-Machine---40,GRrzkLMT,https://fgpyuokx36s.typeform.com/to/GRrzkLMT
Time-Machine---41,bShwE1kI,https://fgpyuokx36s.typeform.com/to/bShwE1kI
Time-Machine---42,mvFmje9m,https://fgpyuokx36s.typeform.com/to/mvFmje9m
Time-Machine---43,FtI31fKS,https://fgpyuokx36s.typeform.com/to/FtI31fKS
Time-Machine---44,T6FHtAbp,https://fgpyuokx36s.typeform.com/to/T6FHtAbp
Time-Machine---45,d3F5RRES,https://fgpyuokx36s.typeform.com/to/d3F5RRES
Time-Machine---46,QaMeskP5,https://fgpyuokx36s.typeform.com/to/QaMeskP5
Time-Machine---47,x1aAB2wa,https://fgpyuokx36s.typeform.com/to/x1aAB2wa
Time-Machine---48,lCFAyeav,https://fgpyuokx36s.typeform.com/to/lCFAyeav
Time-Machine---49,k03kfuxz,https://fgpyuokx36s.typeform.com/to/k03kfuxz
Time-Machine---50,VtPUm7F5,https://fgpyuokx36s.typeform.com/to/VtPUm7F5
Time-Machine---51,oxj1R3sV,https://fgpyuokx36s.typeform.com/to/oxj1R3sV
Time-Machine---52,zWFzt7gI,https://fgpyuokx36s.typeform.com/to/zWFzt7gI
Time-Machine---53,xFdUvfTK,https://fgpyuokx36s.typeform.com/to/xFdUvfTK
Time-Machine---54,hBaZaATV,https://fgpyuokx36s.typeform.com/to/hBaZaATV
Time-Machine---55,QrNaMJu3,https://fgpyuokx36s.typeform.com/to/QrNaMJu3
Time-Machine---56,QLihk72g,https://fgpyuokx36s.typeform.com/to/QLihk72g
Time-Machine---57,mHzFAlnz,https://fgpyuokx36s.typeform.com/to/mHzFAlnz
Time-Machine---58,s03t7fgr,https://fgpyuokx36s.typeform.com/to/s03t7fgr
Time-Machine---59,jDDEeBse,https://fgpyuokx36s.typeform.com/to/jDDEeBse
Time-Machine---60,p0bXJL4R,https://fgpyuokx36s.typeform.com/to/p0bXJL4R
Time-Machine---61,hHLLB34n,https://fgpyuokx36s.typeform.com/to/hHLLB34n
Time-Machine---62,IEQfyEmN,https://fgpyuokx36s.typeform.com/to/IEQfyEmN
Time-Machine---63,GugXN4QS,https://fgpyuokx36s.typeform.com/to/GugXN4QS
Time-Machine---64,i7KiTNwr,https://fgpyuokx36s.typeform.com/to/i7KiTNwr
Time-Machine---65,GS9DOygI,https://fgpyuokx36s.typeform.com/to/GS9DOygI
Time-Machine---66,jHh5Svcz,https://fgpyuokx36s.typeform.com/to/jHh5Svcz
Time-Machine---67,Na75kdW1,https://fgpyuokx36s.typeform.com/to/Na75kdW1
Time-Machine---68,zAxmC6fz,https://fgpyuokx36s.typeform.com/to/zAxmC6fz
Time-Machine---69,UVttWJ5H,https://fgpyuokx36s.typeform.com/to/UVttWJ5H
Time-Machine---70,IPjvBqns,https://fgpyuokx36s.typeform.com/to/IPjvBqns
Time-Machine---71,WB26Ct9K,https://fgpyuokx36s.typeform.com/to/WB26Ct9K
Time-Machine---72,YL5yEEn1,https://fgpyuokx36s.typeform.com/to/YL5yEEn1
Time-Machine---73,kb1yglSW,https://fgpyuokx36s.typeform.com/to/kb1yglSW
Time-Machine---74,J3FStTBR,https://fgpyuokx36s.typeform.com/to/J3FStTBR
Time-Machine---75,LnrOpgnY,https://fgpyuokx36s.typeform.com/to/LnrOpgnY
